<?xml version="1.0" encoding="UTF-8"?>
<!DOCTYPE mapper PUBLIC "-//mybatis.org//DTD Mapper 3.0//EN" "http://mybatis.org/dtd/mybatis-3-mapper.dtd">
<mapper namespace="com.lvshihao.dao.UserMapper">
  <resultMap id="BaseResultMap" type="User">
    <id column="ID" jdbcType="INTEGER" property="id" />
    <result column="NAME" jdbcType="VARCHAR" property="name" />
    <result column="PARENT_ID" jdbcType="INTEGER" property="parentId" />
    <result column="NODE_ORDER" jdbcType="INTEGER" property="nodeOrder" />
    <result column="GROUP_NAME" jdbcType="VARCHAR" property="groupName" />
  </resultMap>
  
  <select id="selectAll" resultMap="BaseResultMap">
    select * from  mm_doc_directory
  </select>
</mapper>